Workbook
Name \c: #REF!
Name \d: #REF!
Name \i: #REF!
Name A: #REF!
Name A: fism!#REF!
Name A_impresión_IM: #REF!
Name julian: #REF!
Name LUGO: #REF!
Name MAS: #REF!
Name MES: #REF!
Name MMES: #REF!

Sheet fism
A2: CEDULA DE FINIQUITO DE OBRA
A3: EJERCICIO: 2022
C4: CLAVE MPAL: | E4: 067
C5: FECHA:
C6: HOJA: | F6: DE
C7: MES: | D7: octubre
A8: DATOS GENERALES
A10: MUNICIPIO : | B10: OCOZOCOAUTLA DE ESPINOSA | C10: MUNICIPIO : | D10: OCOZOCOAUTLA DE ESPINOSA
A12: NOMBRE DEL PROYECTO | B12: EQUIPAMIENTO DE ESPACIOS MULTIDEPORTIVOS (AUDITORIO MUNICIPAL)
A14: CLAVES PRESUPUESTALES: | C14: NO. OBRA | D14: OP01
A15: PROGRAMA : | B15: programa de pavimentación | C15: SUBPROGRAMA: | D15: bacheo
A17: SITUACION FINANCIERA
A18: PRESUPUESTO PROGRAMADO | C18: PRESUPUESTO DEVENGADO | E18: SALDO
A19: FUENTE DE FINANCIAMIENTO: $0.00 | C19: FUENTE DE FINANCIAMIENTO | D19: 36524.25 | E19: FUENTE DE FINANCIAMIENTO | F19: -36524.25
A20: TOTAL: $0.00 | C20: TOTAL | D20: =D19 -> 0 | E20: TOTAL | F20: -36524.25
A21: Modalidad de Ejecución: C O N T R A T O / A D M I N I S T R A C I Ó N D I R E C T A
A22: GEORREFERENCIACION | C22: PERIODO DE EJECUCIÓN
A23: LATITUD | B23: LONGITUD | C23: PROGRAMADO | D23: REAL | F23: FINANCIERO
A24: 2541254254145 | B24: -36598544121 | C24: INICIO | D24: TERMINO | F24: 95.00%
A25: NO. CONTRATO | C25: 01/01/1900 | D25: 16/02/2023
A26: PM/DOPM/FISM/A.D.001-2022
A27: CONTRATISTA | C27: OBSERVACIONES
A28: AYUNTAMIENTO (ADMINIISTRACION DIRECTA) | C28: se realizaron los trabajos sin ninguna complicación
A30: DESCRIPCION DE LA OBRA
A31: EQUIPAMIENTO DE ESPACIOS MULTIDEPORTIVOS (AUDITORIO MUNICIPAL)
D35: COORDENADAS
D36: LAT 2541254254145° | E36: LONG -36598544121°

Sheet GENERADOR
B1: H. AYUNTAMIENTO MUNICIPAL CONSTITUCIONAL DE TZIMOL, CHIAPAS.
B2: 2018 - 2021
B3: DIRECCIÓN DE OBRAS PÚBLICAS MUNICIPALES
B7: LOCALIDAD: LA MESILLA
B8: MUNICIPIO: TZIMOL, CHIAPAS.
B9: OBRA: CONSTRUCCION DEL SISTEMA DE ALCANTARILLADO SANITARIO
A12: OBRA: | B12: CONSTRUCCION DEL SISTEMA DE ALCANTARILLADO SANITARIO
A14: LOCALIDAD: | B14: LA MESILLA
A15: NUMEROS GENERADORES
A16: CODIGO | B16: CONCEPTO | C16: UNIDAD | D16: LOCALIZACION | G16: PZAS. | H16: LARGO | I16: ANCHO | J16: ALTO | K16: RESULTADO | L16: OBSERVACIONES
D17: EJE | E17: TRAMO | F17: TIPO
B18: RED DE ATARJEAS
A19: A0501 | B19: LIMPIA Y TRAZO
A20: =fism!#REF! -> #REF! | B20: =fism!#REF! -> #REF! | C20: M2 | H20: 1100 | I20: 1 | K20: =H20*I20 -> 1100
A22: =fism!#REF! -> #REF! | B22: =fism!#REF! -> #REF! | C22: ML | H22: 1100 | K22: =H22 -> 1100
A24: A10 | B24: PRELIMINARES
A25: A1001 | B25: RUPTURA DE PAVIMENTOS
A26: =fism!#REF! -> #REF! | B26: =fism!#REF! -> #REF! | C26: M3 | H26: =H22 -> 1100 | I26: 0.7 | J26: 0.15 | K26: =H26*I26*J26 -> 115.5
A29: A1002 | B29: REPOSICION DE PAVIMENTOS
A30: =fism!#REF! -> #REF! | B30: =fism!#REF! -> #REF! | C30: M3 | H30: =H26 -> 1100 | I30: =I26 -> 0.7 | J30: =J26 -> 0.15 | K30: =H30*I30*J30 -> 115.5
A35: A1011 | B35: EXCAVACION EN ZANJA
A36: =fism!#REF! -> #REF! | B36: =fism!#REF! -> #REF! | C36: =+[4]Presupuesto!D26 -> M3 | I36: 1100 | J36: 0.4 | K36: =I36*J36 -> 440 | L36: 40% EXC. A MANO PARA PROTEGER TUBERIA DE AGUA Y TOMAS EXISTENTE
H37: Material "B" | J37: 0.4 | K37: =K36*0.5 -> 220
A42: =fism!#REF! -> #REF! | B42: =fism!#REF! -> #REF! | C42: M3 | I42: 140 | J42: 1 | K42: =I42*J42 -> 140
H43: Material "B" | J43: 0.4 | K43: =K42*J43 -> 56
A48: =fism!#REF! -> #REF! | B48: =fism!#REF! -> #REF! | C48: M3 | I48: 16 | J48: 1 | K48: =I48*J48 -> 16
H49: Material "B" | J49: 0.4 | K49: =K48*J49 -> 6.4
A54: =fism!#REF! -> #REF! | B54: =fism!#REF! -> #REF! | C54: M3 | I54: 1100 | J54: 0.6 | K54: =I54*J54 -> 660 | L54: 50% EXC. A MAQUINA
H55: Material "B" | J55: 0.4 | K55: =K54*J55 -> 264
A61: =fism!#REF! -> #REF! | B61: =fism!#REF! -> #REF! | C61: M3 | I61: 1100 | J61: 0.6 | K61: =I61*J61 -> 660 | L61: 50% EXC. A MAQUINA
H62: Material "C" | J62: 0.6 | K62: =K61*J62 -> 396
A67: =fism!#REF! -> #REF! | B67: =fism!#REF! -> #REF! | C67: M3 | I67: 110 | J67: 0.6 | K67: =I67*J67 -> 66 | L67: 50% EXC. A MAQUINA
H68: Material "C" | J68: 0.6 | K68: =K67*J68 -> 39.6
A73: S/C | B73: EXCAVACION CON APOYO DE EQUIPO MANUAL Y MECANICO PARA ZANJAS EN MATERIAL "C" EN SECO, CON EXTRACCION DE REZAGA A MANO, INCLUYE: AFLOJE, AMACICE, LIMPIEZA DE PLANTILLA Y TALUDES, ACARREO A 10 M DEL EJE DE LA MISMA Y CONSERVACION DE LA EXCAVACION HASTA LA INSTALACION SATISFACTORIA DE LA TUBERIA: DE 4.00 A 6.00 MTS. DE PROFUNDIDAD INCLUYE TODO LO NECESARIO PARA SU CORRECTA EJECUCION. | C73: M3 | I73: 110 | J73: 0.6 | K73: =I73*J73 -> 66 | L73: 50% EXC. A MAQUINA
H74: Material "C" | J74: 0.6 | K74: =K73*J74 -> 39.6
A79: =fism!#REF! -> #REF! | B79: =fism!#REF! -> #REF! | C79: M3 | D79: VOL DE EXCAVACION TOTAL | K79: =+I54 -> 1100
D80: VOL.TOTAL DE PAVIMENTO | K80: =+K26*-1 -> -115.5
D81: MENOS VOL. DE TUBERIA | G81: =+K112 -> 1800 | H81: AREA | I81: 0.07 | K81: =G81*I81*(-1) -> -126
J82: TOTAL | K82: =SUM(K79:K81) -> 858.5
A84: =fism!#REF! -> #REF! | B84: =fism!#REF! -> #REF! | C84: M3-km | G84: VOL. | H84: =+K82 -> 858.5 | I84: 2 | K84: =H84*I84 -> 1717
A88: A1020 | B88: RELLENOS
A89: =fism!#REF! -> #REF! | B89: =fism!#REF! -> #REF! | C89: M3 | E89: Según plantilla de cálculo | K89: 248.75
A95: =fism!#REF! -> #REF! | B95: =fism!#REF! -> #REF! | C95: M3 | E95: Según plantilla de cálculo | K95: 875.5
A99: =fism!#REF! -> #REF! | B99: =fism!#REF! -> #REF! | C99: M3 | E99: Según plantilla de cálculo | K99: 650.6
A103: A1024 | B103: ADEMES
A104: =fism!#REF! -> #REF! | B104: =fism!#REF! -> #REF! | C104: =fism!#REF! -> #REF! | E104: Según plantilla de cálculo | K104: 0
A110: =+[4]Presupuesto!B110 -> A1121 | B110: =+[4]Presupuesto!C110 -> Sum. e Inst. Tuberia pvc Hidraulico y Sanitario
A111: =+[4]Presupuesto!B111 -> A112102 | B111: =+[4]Presupuesto!C111 -> Sum. e Inst. de Tuberia PVC Sanitario
A112: =fism!#REF! -> #REF! | B112: =fism!#REF! -> #REF! | C112: =fism!#REF! -> #REF! | F112: Según plantilla de cálculo | K112: 1800
A116: S/C -01CHAR | B116: SUMINISTRO E INSTALACION DE VALVULA ANTIRETORNO CHEKC (TIPO CHARNELA) DE P.V.C. SANITARIO (ALCANTARILLADO) DE 200 MM. (8"); INCL. MATERIALES, HERRAMIENTAS Y MANIOBRAS LOCALES. INCLUYE TODO LO NECESARIO PARA SU CORRECTA EJECUCION. | C116: PZA | K116: 0
A118: =+[4]Presupuesto!B133 -> A1205 | B118: =+[4]Presupuesto!C133 -> Pozos de Visita
A119: =fism!#REF! -> #REF! | B119: =fism!#REF! -> #REF! | C119: =+[4]Presupuesto!D134 -> PZA | E119: Pozos No.: 01', 07, 09,03, 04, 05, 06, 08, 11, 12, 13, 14, 16 | K119: 16
A133: =fism!#REF! -> #REF! | B133: =fism!#REF! -> #REF! | C133: PZA | K133: 3
A147: =fism!#REF! -> #REF! | B147: =fism!#REF! -> #REF! | C147: PZA | K147: 2
A161: =fism!#REF! -> #REF! | B161: =fism!#REF! -> #REF! | C161: PZA | K161: 1
A176: =fism!#REF! -> #REF! | B176: =fism!#REF! -> #REF! | C176: PZA | K176: 3
A190: =fism!#REF! -> #REF! | B190: INCREMENTO DEL PRECIO POR CADA 25 CMS. DE PROFUNDIDAD DEL POZO (V.C. 1985) | C190: =fism!#REF! -> #REF! | K190: 3
A193: =fism!#REF! -> #REF! | B193: SUM. E INT. DE BROCALES Y TAPAS
A194: =+[4]Presupuesto!B273 -> 1123001581 | B194: =+[4]Presupuesto!C273 -> SUMINISTRO Y COLOCACION DE BROCALES PARA POZO DE VISITA PESADO CIEGO DE 60 CMS. DIAM. DE 165 KG INCLUYE TODO LO NECESARIO PARA SU CORRECTA EJECUCION. | C194: =+[4]Presupuesto!D273 -> PZA | K194: 20
A198: =fism!#REF! -> #REF! | B198: =fism!#REF! -> #REF!
A199: =fism!#REF! -> #REF! | B199: =fism!#REF! -> #REF! | C199: =fism!#REF! -> #REF! | K199: 1
B213: =+[4]Presupuesto!C308 -> DESCARGAS DOMICILIARIAS | L213: 371 VIVIENDAS
A214: =fism!#REF! -> #REF! | B214: =fism!#REF! -> #REF!
A215: =fism!#REF! -> #REF! | B215: =fism!#REF! -> #REF! | C215: =fism!#REF! -> #REF! | E215: Según plantilla de cálculo | G215: 100 | H215: 6 | I215: 0.7 | K215: =I215*H215*G215 -> 420
A218: =+[4]Presupuesto!B309 -> A1011 | B218: =+[4]Presupuesto!C309 -> EXCAVACION EN ZANJA
A219: =fism!A38 -> 0 | B219: =fism!B38 -> 0 | C219: =+[4]Presupuesto!D311 -> M3 | E219: Según plantilla de cálculo | H219: VOL. TOTAL | I219: =K215 -> 420 | J219: 1.5 | K219: =I219*J219 -> 630 | L219: 40% EXC. A MANO PARA PROTEGER TUBERIA DE AGUA Y TOMAS EXISTENTE
H220: Material "B" | J220: 0.4 | K220: =K219*J220 -> 252
A225: =fism!A39 -> 0 | B225: =fism!B39 -> 0 | C225: =fism!C39 -> 0 | E225: Según plantilla de cálculo | I225: =I219 -> 420 | J225: 1.5 | K225: =I225*J225 -> 630
H226: Material "C" | J226: 0.6 | K226: =K225*J226 -> 378
A232: =fism!A40 -> 0 | B232: =fism!B40 -> 0 | C232: M3 | E232: Según plantilla de cálculo | I232: =I225 -> 420 | J232: 1.5 | K232: =I232*J232 -> 630 | L232: 40% EXC. A MAQUINA
H233: Material "B" | J233: 0.4 | K233: =K232*J233 -> 252
A239: =fism!A41 -> 0 | B239: =fism!B41 -> 0 | C239: M3 | E239: Según plantilla de cálculo | I239: =I232 -> 420 | J239: 1.5 | K239: =I239*J239 -> 630 | L239: 60% EXC. A MAQUINA
H240: Material "C" | J240: 0.6 | K240: =K239*J240 -> 378
A244: =+[4]Presupuesto!B323 -> A1020 | B244: =+[4]Presupuesto!C323 -> RELLENOS
A245: =fism!A42 -> 0 | B245: =fism!B42 -> 0 | C245: =+[4]Presupuesto!D325 -> M3 | E245: Según plantilla de cálculo | H245: =K215 -> 420 | J245: 0.1 | K245: =H245*J245 -> 42
A251: =fism!A43 -> 0 | B251: =fism!B43 -> 0 | C251: =+[4]Presupuesto!D335 -> M3 | E251: Según plantilla de cálculo | H251: =H245 -> 420 | J251: 1 | K251: =H251*J251 -> 420
A256: =fism!#REF! -> #REF! | B256: =fism!#REF! -> #REF! | C256: =+[4]Presupuesto!D342 -> M3 | E256: Según plantilla de cálculo | H256: =H251 -> 420 | J256: 0.6 | K256: =H256*J256 -> 252
A261: =fism!#REF! -> #REF! | B261: =fism!#REF! -> #REF!
A262: =fism!#REF! -> #REF! | B262: =fism!#REF! -> #REF! | C262: =fism!#REF! -> #REF! | E262: Según plantilla de cálculo | H262: 180 | I262: 6 | K262: =H262*I262 -> 1080
A267: =fism!#REF! -> #REF! | B267: =fism!#REF! -> #REF! | C267: =fism!#REF! -> #REF! | E267: Según plantilla de cálculo | K267: 170
A272: =fism!#REF! -> #REF! | B272: =fism!#REF! -> #REF! | C272: =+[4]Presupuesto!D391 -> PZA | E272: Según plantilla de cálculo | K272: 170
A275: =fism!#REF! -> #REF! | B275: =fism!#REF! -> #REF! | E275: LARGO | F275: ANCHO | G275: ALTO
A276: =fism!#REF! -> #REF! | B276: =fism!#REF! -> #REF! | C276: M3 | E276: 1.5 | F276: 0.4 | G276: 0.1 | J276: 341 | K276: =E276*F276*G276*J276 -> 20.46
A279: 1001000043 | B279: RUPTURA DE PAVIMENTO DE CONCRETO A MANO, INCLUYE: CARGA DEL MATERIAL A CAMION Y ACARREO EN 1ER. KM. INCLUYE TODO LO NECESARIO PARA SU CORRECTA EJECUCIÓN. | C279: M3 | E279: 5 | F279: 0.4 | G279: 0.1 | J279: 341 | K279: =E279*F279*G279*J279*0.4 -> 27.28
A282: =fism!#REF! -> #REF! | B282: =fism!#REF! -> #REF!
A283: =fism!#REF! -> #REF! | B283: =fism!#REF! -> #REF! | E283: LARGO | F283: ANCHO
C284: M2 | E284: 1.5 | F284: 0.4 | J284: 120 | K284: =E284*F284*J284 -> 72
A287: 1307000043 | B287: CONCRETO F'c=200 KG/CM2 FABRICADO EN OBRA PARA CIMENTACIÓN, EL TAMAÑO MÁXIMO DEL AGREGADO SERÁ DE (3/4") Y SU CALIDAD Y BANCO DE PROCEDENCIA, DEBERÁN SER APROBADOS POR LA SECRETARIA, INCLUYE: ACARREO, MUESTREO, COLADO, VIBRADO, CURADO, DESPERDICIO, REVOLVEDORA Y TODO LO NECESARIO PARA SU CORRECTA EJECUCION. | C287: M3 | E287: 5 | F287: 0.4 | J287: 120 | K287: =E287*F287*J287*0.4 -> 96
A290: =fism!#REF! -> #REF! | B290: =fism!#REF! -> #REF! | C290: =fism!#REF! -> #REF! | E290: Según plantilla de cálculo | K290: 170
